{
  "dependencies": {
    "secrets1": {
      "type": "secrets.user"
    },
    "mssql1": {
      "resourceId": "/subscriptions/[parameters('subscriptionId')]/resourceGroups/[parameters('resourceGroupName')]/providers/Microsoft.Sql/servers/1603/databases/Underwater",
      "type": "mssql.azure",
      "connectionId": "ConnectionStrings:DefaultConnection",
      "secretStore": "LocalSecretsFile"
    },
    "storage1": {
      "resourceId": "/subscriptions/[parameters('subscriptionId')]/resourceGroups/[parameters('resourceGroupName')]/providers/Microsoft.Storage/storageAccounts/underwater",
      "type": "storage.azure",
      "connectionId": "underwater",
      "secretStore": "LocalSecretsFile"
    }
  }
}